1,Amazon,Ap #703-1096 Sed St.
2,Netflix,616-5787 Gravida. St.
3,NVIDIA,Ap #179-824 Eget Avenue
4,Salesforce.com,2788 Aliquet Av.
5,ServiceNow,744-6242 Semper Ave
6,Square,"P.O. Box 157, 4576 Dignissim Avenue"
7,Analog Devices,"P.O. Box 986, 2204 Viverra. Avenue"
8,Palo Alto Networks,7959 Non Avenue
9,Splunk,Ap #985-6439 Dictum Road
10,Adobe Systems,969-2564 Mauris St.
11,Broadcom,420-8253 Consequat Ave
12,Leidos,598-6821 Ullamcorper. Av.
13,ON Semiconductor Corp,262-3364 Facilisis St.
14,Match Croup,6508 Adipiscing Ave
15,Tech Mahindra,9207 Iaculis St.
16,Workday,3531 Eu Rd.
17,Charter Communications,147-5348 Tristique Avenue
18,Tencent Holdings,996-9440 Sed St.
19,Micron Technology,Ap #478-4287 Etiam Rd.
20,SK Hynix,649-2252 Felis Avenue
21,Twitter,"3584 Non, St."
22,Arista Networks,Ap #180-7415 Ornare Av.
23,Baidu,"Ap #500-4270 Nec, Rd."
24,Catcher Technology,"P.O. Box 735, 528 Elit Rd."
25,Constellation Software,"P.O. Box 547, 9824 Egestas. Ave"
26,Facebook,"600-644 Nec, Avenue"
27,Hikvision,275-8758 Malesuada Avenue
28,Tokyo Electron,430-4048 Tincidunt Avenue
29,ASML Holding,342-4705 Velit St.
30,Dassault Systemes,"P.O. Box 366, 4319 Mauris, Av."
31,Infineon Technologies,224-1248 Libero. Road
32,Keyence,"872-2770 Lacus, Street"
33,Naver,"P.O. Box 827, 2320 Gravida Road"
34,Unisplendour,500-7543 Pellentesque Ave
35,VMware,Ap #687-7190 Mauris Road
36,Apple,"P.O. Box 579, 9229 Sed Av."
37,CDW,"P.O. Box 824, 3219 Lectus Rd."
38,Dell Technologies,1710 Mollis Rd.
39,Nokia,Ap #386-531 Ipsum Road
40,Intuit,Ap #831-7694 Mi Rd.
41,Alibaba,8887 Arcu Street
42,Samsung SDS,9686 Libero Avenue
43,Alphabet,Ap #196-8222 Libero Av.
44,Comcast,Ap #997-637 Dictum Street
45,Intel,225-2827 Ullamcorper. Ave
46,Microsoft,"P.O. Box 421, 2234 Lacus. Rd."
47,Walt Disney,Ap #989-601 Malesuada. Avenue
48,Zalando,362-8619 Rutrum St.
49,ATOS,916-5928 Vel Rd.
50,Murata Manufacturing,6340 Nulla Road